{
  "modules": {
    "megane-kibe": {
      "lol.bai.megane.module.kibe.MeganeKibe": true
    },
    "megane-modern-dynamics": {
      "lol.bai.megane.module.moderndynamics.MeganeModernDynamics": true
    },
    "megane-reborn-core": {
      "lol.bai.megane.module.reborncore.MeganeRebornCore": true
    },
    "megane-create": {
      "lol.bai.megane.module.create.MeganeCreate": false
    },
    "megane-tech-reborn": {
      "lol.bai.megane.module.techreborn.MeganeTechReborn": true
    },
    "megane-applied-energistics-2": {
      "lol.bai.megane.module.ae2.MeganeAppliedEnergistics2": true
    },
    "megane-vanilla": {
      "lol.bai.megane.module.vanilla.MeganeVanilla": true
    }
  }
}