{
  "configVersion": 4,
  "inventory": {
    "enabled": true,
    "itemCount": true,
    "nbt": false,
    "maxWidth": 9,
    "maxHeight": 3,
    "blacklist": []
  },
  "entityInventory": {
    "enabled": true,
    "itemCount": true,
    "nbt": false,
    "maxWidth": 9,
    "maxHeight": 3,
    "blacklist": []
  },
  "energy": {
    "enabled": true,
    "expandWhenSneak": false,
    "colors": {
      "megane": 7408640
    },
    "units": {
      "megane": "E"
    },
    "blacklist": [
      "appliedenergistics2:energy_acceptor"
    ]
  },
  "fluid": {
    "enabled": true,
    "expandWhenSneak": false,
    "blacklist": []
  },
  "progress": {
    "enabled": true,
    "showWhenZero": false,
    "blacklist": []
  },
  "effect": {
    "enabled": true,
    "level": true,
    "roman": false,
    "hidden": false,
    "blacklist": []
  },
  "catchServerErrors": true,
  "spawnEgg": true,
  "playerHead": true,
  "pluginConfigMigrated": true,
  "migratedBlacklist": [
    "waila:extra/energy_blacklist",
    "waila:extra/fluid_blacklist",
    "waila:extra/progress_blacklist",
    "waila:extra/item_blacklist"
  ]
}