{
  "version": 1,
  "displayDebugData": false,
  "enabled": true,
  "leafSize": 5,
  "leafLifespan": 200,
  "leafSpawnRate": 10,
  "coniferLeafSpawnRate": 0,
  "snowflakeSpawnRate": 15,
  "dropFromPlayerPlacedBlocks": true,
  "leavesOnBlockHit": true,
  "minimumFreeSpaceBelow": 1,
  "windEnabled": true,
  "windlessDimensions": [
    "minecraft:the_end",
    "minecraft:the_nether"
  ],
  "leafSettings": {
    "byg:imparius_vine": {
      "spawnRateFactor": 1.0,
      "isConiferBlock": false
    },
    "minecraft:mangrove_leaves": {
      "spawnRateFactor": 1.0,
      "isConiferBlock": false
    },
    "byg:red_oak_leaves": {
      "spawnRateFactor": 1.0,
      "isConiferBlock": false
    },
    "byg:redwood_leaves": {
      "spawnRateFactor": 1.0,
      "isConiferBlock": true
    },
    "promenade:pink_cherry_oak_leaves": {
      "spawnRateFactor": 1.0,
      "isConiferBlock": false
    },
    "byg:white_cherry_leaves": {
      "spawnRateFactor": 1.4,
      "isConiferBlock": false
    },
    "minecraft:oak_leaves": {
      "spawnRateFactor": 1.0,
      "isConiferBlock": false
    },
    "byg:palm_leaves": {
      "spawnRateFactor": 0.0,
      "isConiferBlock": false
    },
    "spectrum:pink_leaves": {
      "spawnRateFactor": 1.0,
      "isConiferBlock": false
    },
    "byg:lament_leaves": {
      "spawnRateFactor": 1.0,
      "isConiferBlock": false
    },
    "spectrum:light_blue_leaves": {
      "spawnRateFactor": 1.0,
      "isConiferBlock": false
    },
    "twilightforest:thorn_leaves": {
      "spawnRateFactor": 1.0,
      "isConiferBlock": false
    },
    "byg:brown_oak_leaves": {
      "spawnRateFactor": 1.0,
      "isConiferBlock": false
    },
    "byg:embur_gel_vines_plant": {
      "spawnRateFactor": 1.0,
      "isConiferBlock": false
    },
    "twilightforest:canopy_leaves": {
      "spawnRateFactor": 1.0,
      "isConiferBlock": false
    },
    "twilightforest:rainbow_oak_leaves": {
      "spawnRateFactor": 1.0,
      "isConiferBlock": false
    },
    "byg:cika_leaves": {
      "spawnRateFactor": 1.0,
      "isConiferBlock": false
    },
    "byg:poison_ivy": {
      "spawnRateFactor": 1.0,
      "isConiferBlock": false
    },
    "twilightforest:transformation_leaves": {
      "spawnRateFactor": 1.0,
      "isConiferBlock": false
    },
    "spectrum:lime_leaves": {
      "spawnRateFactor": 1.0,
      "isConiferBlock": false
    },
    "byg:yellow_birch_leaves": {
      "spawnRateFactor": 1.0,
      "isConiferBlock": false
    },
    "byg:ripe_baobab_leaves": {
      "spawnRateFactor": 1.0,
      "isConiferBlock": false
    },
    "byg:jacaranda_leaves": {
      "spawnRateFactor": 1.0,
      "isConiferBlock": false
    },
    "architects_palette:twisted_leaves": {
      "spawnRateFactor": 1.0,
      "isConiferBlock": false
    },
    "twilightforest:dark_leaves": {
      "spawnRateFactor": 1.0,
      "isConiferBlock": false
    },
    "byg:nightshade_leaves": {
      "spawnRateFactor": 1.0,
      "isConiferBlock": false
    },
    "byg:skyris_vine": {
      "spawnRateFactor": 1.0,
      "isConiferBlock": false
    },
    "byg:brown_birch_leaves": {
      "spawnRateFactor": 1.0,
      "isConiferBlock": false
    },
    "promenade:autumn_birch_leaves": {
      "spawnRateFactor": 1.8,
      "isConiferBlock": false
    },
    "byg:shulkren_vine_plant": {
      "spawnRateFactor": 1.0,
      "isConiferBlock": false
    },
    "byg:pine_leaves": {
      "spawnRateFactor": 1.0,
      "isConiferBlock": true
    },
    "byg:silver_maple_leaves": {
      "spawnRateFactor": 1.0,
      "isConiferBlock": false
    },
    "spectrum:white_leaves": {
      "spawnRateFactor": 1.0,
      "isConiferBlock": false
    },
    "spectrum:brown_leaves": {
      "spawnRateFactor": 1.0,
      "isConiferBlock": false
    },
    "byg:indigo_jacaranda_leaves": {
      "spawnRateFactor": 1.0,
      "isConiferBlock": false
    },
    "byg:yellow_spruce_leaves": {
      "spawnRateFactor": 1.0,
      "isConiferBlock": true
    },
    "byg:cypress_leaves": {
      "spawnRateFactor": 1.0,
      "isConiferBlock": true
    },
    "byg:blue_spruce_leaves": {
      "spawnRateFactor": 1.0,
      "isConiferBlock": true
    },
    "culturaldelights:avocado_leaves": {
      "spawnRateFactor": 1.0,
      "isConiferBlock": false
    },
    "spectrum:cyan_leaves": {
      "spawnRateFactor": 1.0,
      "isConiferBlock": false
    },
    "byg:flowering_orchard_leaves": {
      "spawnRateFactor": 1.0,
      "isConiferBlock": false
    },
    "byg:willow_leaves": {
      "spawnRateFactor": 1.0,
      "isConiferBlock": false
    },
    "byg:embur_gel_vines": {
      "spawnRateFactor": 1.0,
      "isConiferBlock": false
    },
    "spectrum:gray_leaves": {
      "spawnRateFactor": 1.0,
      "isConiferBlock": false
    },
    "byg:flowering_nightshade_leaves": {
      "spawnRateFactor": 1.0,
      "isConiferBlock": false
    },
    "twilightforest:sorting_leaves": {
      "spawnRateFactor": 1.0,
      "isConiferBlock": false
    },
    "twilightforest:time_leaves": {
      "spawnRateFactor": 1.0,
      "isConiferBlock": false
    },
    "byg:firecracker_leaves": {
      "spawnRateFactor": 1.0,
      "isConiferBlock": false
    },
    "byg:holly_berry_leaves": {
      "spawnRateFactor": 1.0,
      "isConiferBlock": false
    },
    "byg:flowering_indigo_jacaranda_leaves": {
      "spawnRateFactor": 1.0,
      "isConiferBlock": false
    },
    "byg:ripe_joshua_leaves": {
      "spawnRateFactor": 1.0,
      "isConiferBlock": false
    },
    "byg:ether_leaves": {
      "spawnRateFactor": 1.0,
      "isConiferBlock": false
    },
    "byg:mahogany_leaves": {
      "spawnRateFactor": 1.0,
      "isConiferBlock": false
    },
    "byg:flowering_baobab_leaves": {
      "spawnRateFactor": 1.0,
      "isConiferBlock": false
    },
    "byg:flowering_jacaranda_leaves": {
      "spawnRateFactor": 1.0,
      "isConiferBlock": false
    },
    "spectrum:magenta_leaves": {
      "spawnRateFactor": 1.0,
      "isConiferBlock": false
    },
    "promenade:palm_leaves": {
      "spawnRateFactor": 0.0,
      "isConiferBlock": false
    },
    "byg:blooming_witch_hazel_leaves": {
      "spawnRateFactor": 1.0,
      "isConiferBlock": false
    },
    "spectrum:green_leaves": {
      "spawnRateFactor": 1.0,
      "isConiferBlock": false
    },
    "spectrum:orange_leaves": {
      "spawnRateFactor": 1.0,
      "isConiferBlock": false
    },
    "spectrum:purple_leaves": {
      "spawnRateFactor": 1.0,
      "isConiferBlock": false
    },
    "ecologics:walnut_leaves": {
      "spawnRateFactor": 1.0,
      "isConiferBlock": false
    },
    "byg:pink_cherry_leaves": {
      "spawnRateFactor": 1.4,
      "isConiferBlock": false
    },
    "byg:shulkren_vine": {
      "spawnRateFactor": 1.0,
      "isConiferBlock": false
    },
    "byg:green_apple_skyris_leaves": {
      "spawnRateFactor": 1.0,
      "isConiferBlock": false
    },
    "minecraft:jungle_leaves": {
      "spawnRateFactor": 0.0,
      "isConiferBlock": false
    },
    "byg:rainbow_eucalyptus_leaves": {
      "spawnRateFactor": 1.0,
      "isConiferBlock": false
    },
    "spectrum:red_leaves": {
      "spawnRateFactor": 1.0,
      "isConiferBlock": false
    },
    "byg:ebony_leaves": {
      "spawnRateFactor": 1.0,
      "isConiferBlock": false
    },
    "byg:witch_hazel_leaves": {
      "spawnRateFactor": 1.0,
      "isConiferBlock": false
    },
    "byg:fir_leaves": {
      "spawnRateFactor": 1.0,
      "isConiferBlock": true
    },
    "spectrum:spirit_sallow_leaves": {
      "spawnRateFactor": 1.0,
      "isConiferBlock": false
    },
    "byg:maple_leaves": {
      "spawnRateFactor": 1.0,
      "isConiferBlock": false
    },
    "byg:withering_oak_leaves": {
      "spawnRateFactor": 1.0,
      "isConiferBlock": false
    },
    "byg:imparius_vine_plant": {
      "spawnRateFactor": 1.0,
      "isConiferBlock": false
    },
    "byg:orchard_leaves": {
      "spawnRateFactor": 1.0,
      "isConiferBlock": false
    },
    "byg:brown_zelkova_leaves": {
      "spawnRateFactor": 1.0,
      "isConiferBlock": false
    },
    "twilightforest:beanstalk_leaves": {
      "spawnRateFactor": 1.0,
      "isConiferBlock": false
    },
    "twilightforest:twilight_oak_leaves": {
      "spawnRateFactor": 1.0,
      "isConiferBlock": false
    },
    "minecraft:flowering_azalea_leaves": {
      "spawnRateFactor": 1.0,
      "isConiferBlock": false
    },
    "blockus:legacy_leaves": {
      "spawnRateFactor": 1.0,
      "isConiferBlock": false
    },
    "promenade:autumn_oak_leaves": {
      "spawnRateFactor": 1.8,
      "isConiferBlock": false
    },
    "byg:orange_spruce_leaves": {
      "spawnRateFactor": 1.0,
      "isConiferBlock": true
    },
    "byg:joshua_leaves": {
      "spawnRateFactor": 1.0,
      "isConiferBlock": false
    },
    "byg:holly_leaves": {
      "spawnRateFactor": 1.0,
      "isConiferBlock": false
    },
    "byg:red_spruce_leaves": {
      "spawnRateFactor": 1.0,
      "isConiferBlock": true
    },
    "minecraft:spruce_leaves": {
      "spawnRateFactor": 1.0,
      "isConiferBlock": true
    },
    "byg:orange_oak_leaves": {
      "spawnRateFactor": 1.0,
      "isConiferBlock": false
    },
    "ecologics:coconut_leaves": {
      "spawnRateFactor": 1.0,
      "isConiferBlock": false
    },
    "promenade:white_cherry_oak_leaves": {
      "spawnRateFactor": 1.0,
      "isConiferBlock": false
    },
    "minecraft:birch_leaves": {
      "spawnRateFactor": 1.0,
      "isConiferBlock": false
    },
    "minecraft:acacia_leaves": {
      "spawnRateFactor": 1.0,
      "isConiferBlock": false
    },
    "spectrum:light_gray_leaves": {
      "spawnRateFactor": 1.0,
      "isConiferBlock": false
    },
    "spectrum:blue_leaves": {
      "spawnRateFactor": 1.0,
      "isConiferBlock": false
    },
    "byg:flowering_palo_verde_leaves": {
      "spawnRateFactor": 1.0,
      "isConiferBlock": false
    },
    "byg:blue_enchanted_leaves": {
      "spawnRateFactor": 1.0,
      "isConiferBlock": false
    },
    "byg:green_enchanted_leaves": {
      "spawnRateFactor": 1.0,
      "isConiferBlock": false
    },
    "techreborn:rubber_leaves": {
      "spawnRateFactor": 1.0,
      "isConiferBlock": false
    },
    "twilightforest:mangrove_leaves": {
      "spawnRateFactor": 1.0,
      "isConiferBlock": false
    },
    "byg:aspen_leaves": {
      "spawnRateFactor": 1.0,
      "isConiferBlock": false
    },
    "byg:zelkova_leaves": {
      "spawnRateFactor": 1.0,
      "isConiferBlock": false
    },
    "byg:red_maple_leaves": {
      "spawnRateFactor": 1.0,
      "isConiferBlock": false
    },
    "byg:ripe_orchard_leaves": {
      "spawnRateFactor": 1.0,
      "isConiferBlock": false
    },
    "spectrum:black_leaves": {
      "spawnRateFactor": 1.0,
      "isConiferBlock": false
    },
    "ad_astra:glacian_leaves": {
      "spawnRateFactor": 1.0,
      "isConiferBlock": false
    },
    "byg:skyris_leaves": {
      "spawnRateFactor": 1.4,
      "isConiferBlock": false
    },
    "byg:flowering_skyris_leaves": {
      "spawnRateFactor": 1.0,
      "isConiferBlock": false
    },
    "twilightforest:mining_leaves": {
      "spawnRateFactor": 1.0,
      "isConiferBlock": false
    },
    "minecraft:azalea_leaves": {
      "spawnRateFactor": 1.0,
      "isConiferBlock": false
    },
    "byg:orange_birch_leaves": {
      "spawnRateFactor": 1.0,
      "isConiferBlock": false
    },
    "byg:palo_verde_leaves": {
      "spawnRateFactor": 1.0,
      "isConiferBlock": false
    },
    "byg:red_birch_leaves": {
      "spawnRateFactor": 1.0,
      "isConiferBlock": false
    },
    "byg:white_mangrove_leaves": {
      "spawnRateFactor": 1.0,
      "isConiferBlock": false
    },
    "blockus:white_oak_leaves": {
      "spawnRateFactor": 1.0,
      "isConiferBlock": false
    },
    "spectrum:jade_vine_petal_block": {
      "spawnRateFactor": 1.0,
      "isConiferBlock": false
    },
    "byg:araucaria_leaves": {
      "spawnRateFactor": 1.0,
      "isConiferBlock": true
    },
    "spectrum:yellow_leaves": {
      "spawnRateFactor": 1.0,
      "isConiferBlock": false
    },
    "minecraft:dark_oak_leaves": {
      "spawnRateFactor": 1.0,
      "isConiferBlock": false
    },
    "byg:flowering_joshua_leaves": {
      "spawnRateFactor": 1.0,
      "isConiferBlock": false
    },
    "byg:baobab_leaves": {
      "spawnRateFactor": 1.0,
      "isConiferBlock": false
    }
  },
  "leafSpawners": [],
  "fallSpawnRateFactor": 1.8,
  "winterSpawnRateFactor": 0.1,
  "startingSpawnRadius": 0,
  "decaySpawnRateFactor": 2.6,
  "maxDecayLeaves": 9
}