{
  "ONLY_VANILLA_ORES": false,
  "FORCE_DEEPSLATE_SAMPLE_CAVEGEN": false,
  "DISABLE_IN_AREA_MESSAGE": false,
  "REMOVE_VEINS": true,
  "CHUNK_SKIP_CHANCE": 0.85,
  "NUMBER_CLUSTERS_PER_CHUNK": 1,
  "DEBUG_WORLD_GEN": false,
  "MAX_SAMPLES_PER_CHUNK": 6,
  "DEFAULT_REPLACEMENT_MATERIALS": [
    "minecraft:stone",
    "minecraft:andesite",
    "minecraft:diorite",
    "minecraft:granite",
    "minecraft:netherrack",
    "minecraft:sandstone",
    "minecraft:deepslate",
    "minecraft:tuff",
    "minecraft:calcite",
    "minecraft:dripstone_block",
    "blockus:marble",
    "blockus:limestone",
    "blockus:bluestone",
    "blockus:viridite",
    "create:scoria",
    "create:veridium",
    "create:asurine",
    "create:crimsite",
    "create:limestone",
    "create:ochrum"
  ],
  "PROSPECTORS_PICK_DETECTION_BLACKLIST": [],
  "PROSPECTORS_PICK_RANGE": 5,
  "PROSPECTORS_PICK_DIAMETER": 5,
  "PROSPECTORS_POPUP_RIGHT": false
}
