{
    "net.minecraft.class_481": {
        "buttonHints": {
            "SHOW_EDITOR": {
                "horizontalOffset": -6,
                "top": -6
            },
            "SETTINGS": {
                "horizontalOffset": -6,
                "top": -7
            }
        }
    },
    "net.minecraft.class_476": {
        "buttonHints": {
            "SHOW_EDITOR": {
                "horizontalOffset": -6,
                "top": -6
            },
            "SETTINGS": {
                "horizontalOffset": -6,
                "top": -7
            }
        }
    },
    "net.minecraft.class_490": {
        "buttonHints": {
            "SHOW_EDITOR": {
                "horizontalOffset": -6,
                "top": -6
            },
            "SETTINGS": {
                "horizontalOffset": -6,
                "top": -7
            }
        }
    },
    "net.minecraft.class_479": {
        "buttonHints": {
            "SHOW_EDITOR": {
                "horizontalOffset": -6,
                "top": -6
            },
            "SETTINGS": {
                "horizontalOffset": -6,
                "top": -7
            }
        }
    },
    "aztech.modern_industrialization.machines.gui.MachineScreen": {
        "ignore": true
    },
    "aztech.modern_industrialization.machines.gui.MachineMenuClient": {
        "ignore": true
    },
    "appeng.client.gui.me.items.CraftingTermScreen": {
        "ignore": true
    },
    "appeng.menu.me.items.CraftingTermMenu": {
        "ignore": true
    },
    "com.tom.storagemod.gui.StorageTerminalScreen": {
        "ignore": true
    },
    "com.tom.storagemod.gui.StorageTerminalMenu": {
        "ignore": true
    },
    "com.tom.storagemod.gui.CraftingTerminalScreen": {
        "ignore": true
    },
    "com.tom.storagemod.gui.CraftingTerminalMenu": {
        "ignore": true
    },
    "appeng.client.gui.me.items.PatternEncodingTermScreen": {
        "ignore": true
    },
    "appeng.menu.me.items.PatternEncodingTermMenu": {
        "ignore": true
    },
    "appeng.client.gui.me.patternaccess.PatternAccessTermScreen": {
        "ignore": true
    },
    "appeng.menu.implementations.PatternAccessTermMenu": {
        "ignore": true
    },
    "com.simibubi.create.content.logistics.item.LinkedControllerScreen": {
        "ignore": true
    },
    "com.simibubi.create.content.logistics.item.LinkedControllerContainer": {
        "ignore": true
    },
    "me.towdium.jecalculation.gui.JecaGui": {
        "ignore": true
    },
    "io.github.lucaargolo.kibe.blocks.miscellaneous.BlockGeneratorScreen": {
        "ignore": true
    },
    "io.github.lucaargolo.kibe.blocks.miscellaneous.BlockGeneratorScreenHandler": {
        "ignore": true
    },
    "io.github.lucaargolo.kibe.blocks.drawbridge.DrawbridgeScreen": {
        "ignore": true
    },
    "io.github.lucaargolo.kibe.blocks.drawbridge.DrawbridgeScreenHandler": {
        "ignore": true
    },
    "io.github.lucaargolo.kibe.blocks.trashcan.TrashCanScreen": {
        "ignore": true
    },
    "io.github.lucaargolo.kibe.blocks.trashcan.TrashCanScreenHandler": {
        "ignore": true
    },
    "io.github.lucaargolo.kibe.blocks.vacuum.VacuumHopperScreen": {
        "ignore": true
    },
    "io.github.lucaargolo.kibe.blocks.vacuum.VacuumHopperScreenHandler": {
        "ignore": true
    },
    "io.github.lucaargolo.kibe.blocks.witherbuilder.WitherBuilderScreen": {
        "ignore": true
    },
    "io.github.lucaargolo.kibe.blocks.witherbuilder.WitherBuilderScreenHandler": {
        "ignore": true
    },
    "io.github.lucaargolo.kibe.blocks.placer.PlacerScreen": {
        "ignore": true
    },
    "io.github.lucaargolo.kibe.blocks.breaker.BreakerScreen": {
        "ignore": true
    },
    "io.github.lucaargolo.kibe.blocks.entangledchest.EntangledChestScreen": {
        "ignore": true
    },
    "io.github.lucaargolo.kibe.blocks.entangledchest.EntangledChestScreenHandler": {
        "ignore": true
    },
    "io.github.lucaargolo.kibe.items.entangledbag.EntangledBagScreen": {
        "ignore": true
    },
    "io.github.lucaargolo.kibe.blocks.cooler.CoolerScreen": {
        "ignore": true
    },
    "io.github.lucaargolo.kibe.blocks.cooler.CoolerScreenHandler": {
        "ignore": true
    },
    "net.spell_engine.spellbinding.SpellBindingScreen": {
        "ignore": true
    },
    "net.spell_engine.spellbinding.SpellBindingScreenHandler": {
        "ignore": true
    },
    "net.runes.client.RuneCraftingScreen": {
        "ignore": true
    },
    "net.runes.crafting.RuneCraftingScreenHandler": {
        "ignore": true
    },
    "de.dafuqs.spectrum.inventories.BedrockAnvilScreen": {
        "ignore": true
    },
    "de.dafuqs.spectrum.inventories.BedrockAnvilScreenHandler": {
        "ignore": true
    },
    "techreborn.client.gui.GuiAutoCrafting": {
        "ignore": true
    },
    "reborncore.common.screen.BuiltScreenHandler": {
        "ignore": true
    },
    "aztech.modern_industrialization.pipes.item.ItemPipeScreen": {
        "playerSideOnly": true
    },
    "net.mehvahdjukaar.supplementaries.client.screens.SackScreen": {
        "ignore": true
    },
    "net.mehvahdjukaar.supplementaries.common.inventories.SackContainerMenu": {
        "ignore": true
    },
    "net.mehvahdjukaar.supplementaries.client.screens.NoticeBoardScreen": {
        "ignore": true
    },
    "net.mehvahdjukaar.supplementaries.common.inventories.NoticeBoardContainerMenu": {
        "ignore": true
    },
    "net.mehvahdjukaar.supplementaries.client.screens.TrappedPresentBlockScreen": {
        "ignore": true
    },
    "net.mehvahdjukaar.supplementaries.common.inventories.TrappedPresentContainerMenu": {
        "ignore": true
    },
    "net.mehvahdjukaar.supplementaries.client.screens.PulleyBlockScreen": {
        "ignore": true
    },
    "net.mehvahdjukaar.supplementaries.common.inventories.PulleyBlockContainerMenu": {
        "ignore": true
    },
    "com.nhoryzon.mc.farmersdelight.client.screen.CookingPotScreen": {
        "ignore": true
    },
    "com.nhoryzon.mc.farmersdelight.entity.block.screen.CookingPotScreenHandler": {
        "ignore": true
    },
    "com.ianm1647.expandeddelight.util.inventory.screen.JuicerScreen": {
        "ignore": true
    },
    "com.ianm1647.expandeddelight.util.inventory.screen.JuicerScreenHandler": {
        "ignore": true
    },
    "de.dafuqs.spectrum.inventories.CinderhearthScreen": {
        "ignore": true
    },
    "de.dafuqs.spectrum.inventories.CinderhearthScreenHandler": {
        "ignore": true
    },
    "de.dafuqs.spectrum.inventories.SuckingChestScreen": {
        "ignore": true
    },
    "de.dafuqs.spectrum.inventories.SuckingChestScreenHandler": {
        "ignore": true
    },
    "de.dafuqs.spectrum.inventories.ColorPickerScreen": {
        "ignore": true
    },
    "de.dafuqs.spectrum.inventories.ColorPickerScreenHandler": {
        "ignore": true
    },
    "de.dafuqs.spectrum.inventories.PotionWorkshopScreen": {
        "ignore": true
    },
    "de.dafuqs.spectrum.inventories.PotionWorkshopScreenHandler": {
        "ignore": true
    },
    "de.dafuqs.spectrum.inventories.RestockingChestScreen": {
        "ignore": true
    },
    "de.dafuqs.spectrum.inventories.RestockingChestScreenHandler": {
        "ignore": true
    },
    "de.dafuqs.spectrum.inventories.CompactingChestScreen": {
        "ignore": true
    },
    "de.dafuqs.spectrum.inventories.CompactingChestScreenHandler": {
        "ignore": true
    },
    "io.github.lucaargolo.kibe.blocks.bigtorch.BigTorchScreen": {
        "ignore": true
    },
    "aztech.modern_industrialization.blocks.forgehammer.ForgeHammerScreen": {
        "playerSideOnly": true
    },
    "com.chefsdelights.farmersrespite.client.gui.KettleScreen": {
        "playerSideOnly": true
    },
    "com.tristankechlo.toolleveling.client.screen.ToolLevelingTableHandledScreen": {
        "ignore": true
    },
    "com.tristankechlo.toolleveling.screenhandler.ToolLevelingTableScreenhandler": {
        "ignore": true
    },
    "io.github.lucaargolo.kibe.items.trashcan.PocketTrashCanScreen": {
        "ignore": true
    },
    "io.github.lucaargolo.kibe.items.trashcan.PocketTrashCanScreenHandler": {
        "ignore": true
    },
    "de.dafuqs.spectrum.inventories.PaintbrushScreen": {
        "ignore": true
    },
    "de.dafuqs.spectrum.inventories.PaintbrushScreenHandler": {
        "ignore": true
    },
    "de.dafuqs.spectrum.inventories.CraftingTabletScreen": {
        "playerSideOnly": true
    },
    "io.github.lucaargolo.kibe.items.entangledbag.EntangledBagScreenHandler": {
        "ignore": true
    },
    "aztech.modern_industrialization.pipes.fluid.FluidPipeScreen": {
        "playerSideOnly": true
    },
    "li.cil.scannable.client.gui.ConfigurableEntityScannerModuleContainerScreen": {
        "playerSideOnly": true
    },
    "li.cil.scannable.client.gui.ConfigurableBlockScannerModuleContainerScreen": {
        "playerSideOnly": true
    },
    "ad_astra_giselle_addon.client.screen.GravityNormalizerScreen": {
        "ignore": true
    },
    "ad_astra_giselle_addon.common.menu.GravityNormalizerMenu": {
        "ignore": true
    },
    "ad_astra_giselle_addon.client.screen.AutomationNasaWorkbenchScreen": {
        "ignore": true
    },
    "ad_astra_giselle_addon.common.menu.AutomationNasaWorkbenchMenu": {
        "ignore": true
    },
    "earth.terrarium.ad_astra.client.screen.VehicleScreen": {
        "playerSideOnly": true
    },
    "ad_astra_giselle_addon.client.screen.FuelLoaderScreen": {
        "playerSideOnly": true
    },
    "earth.terrarium.ad_astra.client.screen.ConversionScreen": {
        "playerSideOnly": true
    },
    "earth.terrarium.ad_astra.client.screen.OxygenDistributorScreen": {
        "playerSideOnly": true
    },
    "earth.terrarium.ad_astra.client.screen.LargeVehicleScreen": {
        "ignore": true
    },
    "earth.terrarium.ad_astra.common.screen.menu.LargeVehicleMenu": {
        "ignore": true
    },
    "earth.terrarium.ad_astra.client.screen.CryoFreezerScreen": {
        "playerSideOnly": true
    },
    "earth.terrarium.ad_astra.client.screen.SolarPanelScreen": {
        "playerSideOnly": true
    },
    "earth.terrarium.ad_astra.client.screen.NasaWorkbenchScreen": {
        "playerSideOnly": true
    },
    "appeng.client.gui.implementations.SpatialIOPortScreen": {
        "playerSideOnly": true
    },
    "appeng.client.gui.implementations.CellWorkbenchScreen": {
        "playerSideOnly": true
    },
    "appeng.client.gui.implementations.StorageBusScreen": {
        "playerSideOnly": true
    },
    "appeng.client.gui.implementations.StorageLevelEmitterScreen": {
        "playerSideOnly": true
    },
    "de.mari_023.ae2wtlib.wct.magnet_card.config.MagnetScreen": {
        "ignore": true
    },
    "de.mari_023.ae2wtlib.wct.magnet_card.config.MagnetMenu": {
        "ignore": true
    },
    "com.simibubi.create.content.equipment.toolbox.ToolboxScreen": {
        "ignore": true
    },
    "com.simibubi.create.content.equipment.toolbox.ToolboxMenu": {
        "ignore": true
    },
    "de.dafuqs.spectrum.inventories.PedestalScreenHandler": {
        "playerSideOnly": true
    },
    "de.dafuqs.spectrum.inventories.PedestalScreen": {
        "playerSideOnly": true
    },
    "tfar.dankstorage.client.screens.DockScreen": {
        "ignore": true
    },
    "tfar.dankstorage.container.DockMenu": {
        "ignore": true
    },
    "com.matthewperiut.chisel.gui.ChiselScreen": {
        "ignore": true
    },
    "com.matthewperiut.chisel.gui.ChiselScreenHandler": {
        "ignore": true
    },
    "me.luligabi.enhancedworkbenches.client.screen.CraftingStationScreen": {
        "playerSideOnly": true
    },
    "me.luligabi.enhancedworkbenches.client.screen.ProjectTableScreen": {
        "playerSideOnly": true
    },
    "com.tom.storagemod.gui.ItemFilterScreen": {
        "playerSideOnly": true
    },
    "com.tom.storagemod.gui.TagItemFilterScreen": {
        "ignore": true
    },
    "com.tom.storagemod.gui.TagItemFilterMenu": {
        "ignore": true
    },
    "com.tom.storagemod.gui.LevelEmitterScreen": {
        "ignore": true
    },
    "com.tom.storagemod.gui.LevelEmitterMenu": {
        "ignore": true
    },
    "io.github.lucaargolo.kibe.items.cooler.CoolerBlockItemScreen": {
        "playerSideOnly": true
    },
    "appeng.menu.implementations.FormationPlaneMenu": {
        "ignore": true
    },
    "appeng.client.gui.implementations.FormationPlaneScreen": {
        "ignore": true
    },
    "com.simibubi.create.content.schematics.table.SchematicTableScreen": {
        "ignore": true
    },
    "com.simibubi.create.content.schematics.table.SchematicTableMenu": {
        "ignore": true
    },
    "com.simibubi.create.content.schematics.cannon.SchematicannonScreen": {
        "ignore": true
    },
    "com.simibubi.create.content.schematics.cannon.SchematicannonMenu": {
        "ignore": true
    },
    "de.mari_023.ae2wtlib.wct.WCTScreen": {
        "ignore": true
    },
    "de.mari_023.ae2wtlib.wct.WCTMenu": {
        "ignore": true
    },
    "dev.technici4n.moderndynamics.client.screen.ItemAttachedIoScreen": {
        "playerSideOnly": true
    }
}