{
    "net.mehvahdjukaar.supplementaries.client.screens.PulleyBlockGui": {
        "playerSideOnly": true
    },
    "net.mehvahdjukaar.supplementaries.client.screens.SackGui": {
        "playerSideOnly": true
    },
    "net.mehvahdjukaar.supplementaries.client.screens.NoticeBoardGui": {
        "playerSideOnly": true
    },
    "net.mehvahdjukaar.supplementaries.client.screens.TrappedPresentBlockGui": {
        "playerSideOnly": true
    },
    "net.mehvahdjukaar.supplementaries.client.screens.PresentBlockScreen": {
        "ignore": true,
        "playerSideOnly": true
    },
    "net.mehvahdjukaar.supplementaries.common.inventories.PresentContainerMenu": {
        "ignore": true
    }
}