{
    "ModSettings": {
        "highlight_foused_items": {
            "value": false
        },
        "first_run": false
    },
    "GuiSettings": {
        "enable_profiles_ui": {
            "value": false
        },
        "continuous_crafting_saved_value": false
    },
    "LockedSlotsSettings": {
        "lock_slots_disable_user_interaction": {
            "value": true
        },
        "locked_slots_empty_hotbar_as_semi_locked": {
            "value": false
        }
    },
    "AutoRefillSettings": {
        "refill_before_tool_break": {
            "value": false
        },
        "tool_damage_threshold": 5,
        "audio_durability_notification": {
            "value": false
        },
        "number_of_notifications": 2
    },
    "Hotkeys": {
        "sort_inventory": {
            "main": {
                "keys": "BUTTON_3"
            }
        }
    }
}