{
  "modPriorities": [
    "minecraft",
    "modern_industrialization",
    "ad_astra",
    "techreborn",
    "create",
    "ae2",
    "byg",
    "catwalksinc",
    "expandeddelight",
    "kubejs",
    "crafttweaker"
  ],
  "stoneStrata": [
    "brimstone_nether",
    "blue_nether",
    "stone",
    "nether",
    "deepslate",
    "granite",
    "diorite",
    "andesite",
    "venus",
    "mercury",
    "moon",
    "mars",
    "glacio"
  ],
  "tags": [
    "c:{material}_nuggets",
    "c:{material}_dusts",
    "c:{material}_gears",
    "c:{material}_gems",
    "c:{material}_ingots",
    "c:{material}_raw_materials",
    "c:{material}_ores",
    "c:{material}_plates",
    "c:{material}_rods",
    "c:{material}_blocks",
    "c:{material}_wires",
    "c:{material}_storage_blocks",
    "c:raw_{material}_ores",
    "c:raw_{material}_blocks",
    "c:raw_{material}_storage_blocks"
  ],
  "materials": [
    "aeternium",
    "aluminum",
    "amber",
    "apatite",
    "bitumen",
    "brass",
    "bronze",
    "bauxite",
    "carbon",
    "charcoal",
    "chrome",
    "chromium",
    "cinnabar",
    "coal",
    "coal_coke",
    "cobalt",
    "constantan",
    "copper",
    "diamond",
    "electrum",
    "elementium",
    "emerald",
    "enderium",
    "fluorite",
    "gold",
    "graphite",
    "invar",
    "iridium",
    "iron",
    "lapis",
    "lead",
    "lumium",
    "manganese",
    "mithril",
    "netherite",
    "nickel",
    "obsidian",
    "osmium",
    "peridot",
    "platinum",
    "potassium_nitrate",
    "quartz",
    "ruby",
    "sapphire",
    "signalum",
    "silver",
    "silicon",
    "steel",
    "sulfur",
    "tin",
    "titanium",
    "tungsten",
    "uranium",
    "zinc"
  ],
  "priorityOverrides": {},
  "customTags": {},
  "tagOwnerships": {},
  "itemTagInheritanceMode": "ALLOW",
  "itemTagInheritance": {},
  "blockTagInheritanceMode": "ALLOW",
  "blockTagInheritance": {},
  "ignoredTags": [],
  "ignoredItems": [],
  "ignoredRecipeTypes": [
    "create:crushing"
  ],
  "ignoredRecipes": [],
  "itemsHidingJeiRei": true
}